Pressure_[mHg],Index_of_refraction,Error
0.762,1.000314,0.000011
0.8128,1.000638,0.000022
0.9144,1.000785,0.000024