Pressure_[mHg],Index_of_refraction
0.762,1.000314
0.8128,1.000638
0.9144,1.000785